[
{"reviewer_title": "Filip Juříček", "puchased_at": "Spořílek.CZ", "date": "2023-02-06T15:37:32", "comment": null},
{"reviewer_title": null, "puchased_at": "MNOHO", "date": "2022-04-29T23:41:54", "comment": null},
{"reviewer_title": "zákazník", "puchased_at": "Elektro Vaďura", "date": "2022-04-03T10:10:51", "comment": null},
{"reviewer_title": null, "puchased_at": "KupToTu.cz", "date": "2022-02-10T07:52:13", "comment": null},
{"reviewer_title": "", "puchased_at": null, "date": "2022-02-08T21:18:05", "comment": null},
{"reviewer_title": "LB", "puchased_at": "KupToTu.cz", "date": "2022-02-02T08:57:15", "comment": null},
{"reviewer_title": "Man", "puchased_at": "KupToTu.cz", "date": "2022-01-26T08:29:49", "comment": null},
{"reviewer_title": "Jitu", "puchased_at": "KupToTu.cz", "date": "2022-01-08T19:11:57", "comment": null},
{"reviewer_title": null, "puchased_at": "DobréElektro.cz", "date": "2022-01-08T11:09:40", "comment": null},
{"reviewer_title": null, "puchased_at": "KupToTu.cz", "date": "2022-01-06T08:28:23", "comment": null},
{"reviewer_title": null, "puchased_at": "PATRO.cz", "date": "2022-01-04T21:55:42", "comment": "Dobrý den,děkujeme za Váš nákup a recenzi produktu.Přejeme pěkný den. PATRO.CZ"},
{"reviewer_title": "Roman Schwarz", "puchased_at": "ONLINESHOP.cz", "date": "2021-12-05T20:15:22", "comment": "Dobrý den,děkujeme za Vaši recenzi produktu a budeme se těšitna Vaše další nákupy.Přejeme pěkný den.S pozdravemONLINESHOP.CZ"},
{"reviewer_title": null, "puchased_at": "KupToTu.cz", "date": "2021-11-28T09:28:22", "comment": "Dobrý den,Děkujeme za hodnocení výrobku, jsme rádi, že jste s výrobkem spokojeni.KUPTOTU.CZ"},
{"reviewer_title": "", "puchased_at": null, "date": "2021-11-19T21:04:52", "comment": "Dobrý den, děkujeme Vám za vložení recenze na náš spotřebič. Vážíme si času, který jste jejímu zaslání věnovali. Je nám velmi líto, že máte s naším výrobkem takovouto zkušenost a byl třeba zásah servisu nebo výměna spotřebiče. Na základě obecného sledování výskytu četnosti závad se tyto závady projevují minoritně. Věříme, že po této prvotní nepříjemné zkušenosti bude spotřebič již plně sloužit k Vaší spokojenosti. S pozdravem Tým AEG"},
{"reviewer_title": "Pavel", "puchased_at": "elektrowagner.cz", "date": "2021-10-26T21:18:57", "comment": null},
{"reviewer_title": "Pavel", "puchased_at": "kelvin.cz", "date": "2021-10-14T15:08:26", "comment": null},
{"reviewer_title": "Pavel", "puchased_at": "iVIKI.cz", "date": "2021-10-14T14:43:21", "comment": null},
{"reviewer_title": "Jiří Procházka", "puchased_at": "Elektro Vaďura", "date": "2021-09-29T07:22:48", "comment": null},
{"reviewer_title": null, "puchased_at": "MALL.CZ", "date": "2021-09-15T10:45:54", "comment": null},
{"reviewer_title": "Nada", "puchased_at": "elektrowagner.cz", "date": "2021-09-11T12:16:41", "comment": null},
{"reviewer_title": "Káťa", "puchased_at": "KupToTu.cz", "date": "2021-08-09T18:43:47", "comment": "Dobrý den,Děkujeme za hodnocení výrobku, jsme rádi, že jste s výrobkem spokojeni.KUPTOTU.CZ"},
{"reviewer_title": "Bob", "puchased_at": "KupToTu.cz", "date": "2021-07-22T08:21:22", "comment": "Dobrý den,Děkujeme za hodnocení výrobku, jsme rádi, že jste s výrobkem spokojeni.KUPTOTU.CZ"},
{"reviewer_title": "Rai", "puchased_at": "MALL.CZ", "date": "2021-05-27T10:31:03", "comment": null},
{"reviewer_title": "cestar", "puchased_at": "OKAY.cz", "date": "2021-03-21T17:36:54", "comment": null},
{"reviewer_title": "Dana", "puchased_at": "MALL.CZ", "date": "2021-03-09T14:13:49", "comment": null},
{"reviewer_title": null, "puchased_at": "Electro World", "date": "2021-03-08T08:58:43", "comment": null},
{"reviewer_title": null, "puchased_at": "elektrowagner.cz", "date": "2021-02-10T08:07:46", "comment": null},
{"reviewer_title": null, "puchased_at": "MNOHO", "date": "2021-02-05T18:15:05", "comment": null},
{"reviewer_title": null, "puchased_at": "KupToTu.cz", "date": "2021-01-25T06:08:25", "comment": "Dobrý den,Děkujeme za hodnocení výrobku, jsme rádi, že jste s výrobkem spokojeni.KUPTOTU.CZ"},
{"reviewer_title": "Václav", "puchased_at": "ONLINESHOP.cz", "date": "2021-01-15T21:31:27", "comment": "Dobrý den,děkujeme za Vaši recenzi produktu a budeme se těšit na Vaše další nákupy.Přejeme pěkný den.S pozdravemONLINESHOP.CZ"},
{"reviewer_title": "Petr", "puchased_at": "ONLINESHOP.cz", "date": "2021-01-14T12:23:53", "comment": "Dobrý den,děkujeme za Vaši recenzi produktu a budeme se těšit na Vaše další nákupy.Přejeme pěkný den.S pozdravemONLINESHOP.CZ"},
{"reviewer_title": "Martin V.", "puchased_at": "MALL.CZ", "date": "2020-12-31T18:07:01", "comment": null},
{"reviewer_title": "Miroslav Š", "puchased_at": "MALL.CZ", "date": "2020-12-18T08:37:50", "comment": null},
{"reviewer_title": "Mz", "puchased_at": "ONLINESHOP.cz", "date": "2020-11-20T16:49:32", "comment": "Dobrý den,děkujeme za Vaši recenzi produktu a budeme se těšit na Vaše další nákupy.Přejeme pěkný den.S pozdravemONLINESHOP.CZ"},
{"reviewer_title": "Pavel", "puchased_at": "OKAY.cz", "date": "2020-11-03T10:56:24", "comment": null},
{"reviewer_title": "Vaclav", "puchased_at": "housemode", "date": "2020-07-12T18:11:26", "comment": null},
{"reviewer_title": null, "puchased_at": "Spořílek.CZ", "date": "2020-03-26T11:46:46", "comment": null},
{"reviewer_title": "jana", "puchased_at": "ExaSoft.cz", "date": "2020-03-18T20:12:35", "comment": null},
{"reviewer_title": "JPZH", "puchased_at": "ExaSoft.cz", "date": "2020-03-14T12:00:52", "comment": null},
{"reviewer_title": "Petr Lupač", "puchased_at": "Elektro Vaďura", "date": "2020-03-07T08:54:24", "comment": "Dobrý den, pane Lupači,\nděkujeme Vám za vložení recenze na náš spotřebič. Vážíme si času, který jste jejímu zaslání věnoval. \nSušičky AEG a Electrolux nemají přídavný filtr kondenzátoru, protože používáme vylepšený dvojitý filtr, který zabraňuje, aby se uvolněná vlákna dostala ke kondenzátoru. Tím zajišťují nejen dostatečnou ochranu před zanesením kondenzátoru, ale také stabilní účinnost výkonu sušičky, aniž by došlo k omezení proudění vzduchu – což je klíčový parametr výkonu.\nS pozdravem\nTeam AEG"},
{"reviewer_title": "Michaela", "puchased_at": "Spořílek.CZ", "date": "2020-02-21T09:12:57", "comment": null},
{"reviewer_title": "Božena Suchá", "puchased_at": "OKAY.cz", "date": "2020-02-19T13:15:06", "comment": null},
{"reviewer_title": null, "puchased_at": "Elektro Vaďura", "date": "2020-01-27T17:09:03", "comment": null},
{"reviewer_title": "Maxipes", "puchased_at": "KupToTu.cz", "date": "2020-01-15T15:02:37", "comment": null},
{"reviewer_title": "Ondřej Dostál", "puchased_at": null, "date": "2020-01-12T11:23:26", "comment": "Dobrý den, pane Dostále,mrzí nás, že Váš spotřebič přestal fungovat takto brzy po uvedení do provozu.Prosím kontaktujte mne na mailové adrese gabriela.hladikova@electrolux.com a zašlete mi v příloze nákupní doklad, fotografii typového štítku (nalezenete po otevření dvířek pod otvorem do bubnu sušičky), a Vaše kontaktní údaje (jméno, adresu, telefon). Na základě těchto údajů zajistím výjezd technika na diagnostiku závady a následně stanovíme další postup. S pozdravemTeam AEG"},
{"reviewer_title": "Fanda Prdelu", "puchased_at": "DobréElektro.cz", "date": "2020-01-09T06:07:10", "comment": "Dobrý den,\nděkujeme za kladné hodnocení zakoupeného spotřebiče. Těšíme se na další nákupy.\nPřeji hezký den\nJulie Venhauerová \nZákaznický servis"},
{"reviewer_title": null, "puchased_at": "miele.elektrometal.cz", "date": "2020-01-08T13:59:46", "comment": null},
{"reviewer_title": "Zdeněk", "puchased_at": "DobréElektro.cz", "date": "2020-01-08T08:34:58", "comment": "Dobrý den, Zdeňku, \nděkujeme za kladné hodnocení zakoupeného spotřebiče. Těšíme se na další nákupy.\nPřeji hezký den\nJulie Venhauerová \nZákaznický servis"},
{"reviewer_title": "Michaela V.", "puchased_at": "ONLINESHOP.cz", "date": "2019-12-28T17:13:20", "comment": "Dobrý den,děkujeme za Vaši recenzi produktu a budeme se těšit na Vaše další nákupy.Přejeme pěkný den.S pozdravemONLINESHOP.CZ"},
{"reviewer_title": "", "puchased_at": null, "date": "2019-12-24T11:54:44", "comment": null},
{"reviewer_title": "Viktor Špaňhel", "puchased_at": "Spořílek.CZ", "date": "2019-12-13T22:01:43", "comment": null},
{"reviewer_title": "Iva K.", "puchased_at": "Spořílek.CZ", "date": "2019-12-04T15:08:24", "comment": null},
{"reviewer_title": "Lada Hassmannová", "puchased_at": "MALL.CZ", "date": "2019-11-28T11:08:55", "comment": null},
{"reviewer_title": "Josef", "puchased_at": "Spořílek.CZ", "date": "2019-11-22T18:46:43", "comment": null},
{"reviewer_title": "", "puchased_at": null, "date": "2019-11-18T18:35:30", "comment": null},
{"reviewer_title": "Gabriela Bartošovská", "puchased_at": null, "date": "2019-11-18T17:47:41", "comment": null},
{"reviewer_title": null, "puchased_at": "ELECTRO GARDEN.cz", "date": "2019-10-30T06:46:27", "comment": null},
{"reviewer_title": null, "puchased_at": "OKAY.cz", "date": "2019-10-27T13:18:50", "comment": null},
{"reviewer_title": "", "puchased_at": null, "date": "2019-10-07T14:37:00", "comment": "Dobrý den, \nděkujeme Vám za zaslání recenze na náš spotřebič. Vážíme si času, který jste jejímu vložení věnovali.\nKontaktujte nás, prosím, na adrese gabriela.hladikova@electrolux.com, celou záležitost s registracemi výrobku společně dořešíme a věřím, že se nám podaří najít vhodné řešení. \nCo se týče snížení možnosti zanášení sušičky, doporučujeme jako výrobce následující postupy… co nejvíce minimalizovat používání aviváže (vhodnou náhradou jsou vonné ubrousky do sušičky), čištění filtru textilních vláken po každém sušícím cyklu a vyčištění mřížky kondenzátoru cca 1x za 3-6 měsíců.\nS pozdravem\nTeam AEG"},
{"reviewer_title": "Pavel Kudlička", "puchased_at": null, "date": "2019-10-03T14:27:33", "comment": null},
{"reviewer_title": "", "puchased_at": null, "date": "2019-09-30T17:22:16", "comment": null},
{"reviewer_title": "", "puchased_at": null, "date": "2019-09-29T19:56:29", "comment": null},
{"reviewer_title": "", "puchased_at": null, "date": "2019-09-28T09:53:43", "comment": null},
{"reviewer_title": "", "puchased_at": null, "date": "2019-09-28T09:47:09", "comment": null},
{"reviewer_title": "Michal Kubart", "puchased_at": null, "date": "2019-09-28T07:17:00", "comment": null},
{"reviewer_title": "Zbyněk Havlíček", "puchased_at": null, "date": "2019-09-26T23:44:58", "comment": null},
{"reviewer_title": "", "puchased_at": null, "date": "2019-09-26T16:33:36", "comment": null},
{"reviewer_title": "", "puchased_at": null, "date": "2019-09-26T14:35:09", "comment": null},
{"reviewer_title": null, "puchased_at": "Spořílek.CZ", "date": "2019-08-23T18:28:30", "comment": null},
{"reviewer_title": null, "puchased_at": "OKAY.cz", "date": "2019-07-08T13:01:56", "comment": null},
{"reviewer_title": "Liebscherová Venuše", "puchased_at": null, "date": "2019-07-04T09:07:08", "comment": null},
{"reviewer_title": "", "puchased_at": null, "date": "2019-07-02T08:54:47", "comment": null},
{"reviewer_title": null, "puchased_at": "Spořílek.CZ", "date": "2019-05-16T13:23:22", "comment": null},
{"reviewer_title": null, "puchased_at": "MNOHO", "date": "2019-04-16T13:28:19", "comment": null},
{"reviewer_title": "", "puchased_at": "KupToTu.cz", "date": "2019-04-16T10:08:00", "comment": "Dobrý den,děkujeme za Vaší recenzi. Jsme rádi, že jste se sušičkou spokojeni.S přáním příjemného dne"},
{"reviewer_title": null, "puchased_at": "Spořílek.CZ", "date": "2019-04-12T10:12:13", "comment": null},
{"reviewer_title": "", "puchased_at": null, "date": "2019-04-10T13:38:33", "comment": null},
{"reviewer_title": "", "puchased_at": null, "date": "2019-04-01T21:18:38", "comment": null},
{"reviewer_title": null, "puchased_at": "ONLINESHOP.cz", "date": "2019-03-26T12:03:03", "comment": "Dobrý den, děkujeme za Vaši recenzi produktu, přejeme pěkný den a budeme se těšit na Vaše další nákupy.S pozdravemONLINESHOP.cz"},
{"reviewer_title": null, "puchased_at": "KupToTu.cz", "date": "2019-03-21T09:31:18", "comment": null},
{"reviewer_title": null, "puchased_at": "VEDE.cz", "date": "2019-03-19T19:56:03", "comment": null},
{"reviewer_title": null, "puchased_at": "Spořílek.CZ", "date": "2019-03-19T13:32:57", "comment": null},
{"reviewer_title": null, "puchased_at": "OKAY.cz", "date": "2019-03-08T14:32:35", "comment": null},
{"reviewer_title": null, "puchased_at": "KupToTu.cz", "date": "2019-03-01T16:57:25", "comment": null},
{"reviewer_title": null, "puchased_at": "Spořílek.CZ", "date": "2019-02-11T10:21:20", "comment": null},
{"reviewer_title": null, "puchased_at": "Spořílek.CZ", "date": "2019-01-31T20:52:39", "comment": null},
{"reviewer_title": null, "puchased_at": null, "date": "2019-01-28T14:22:36", "comment": null},
{"reviewer_title": null, "puchased_at": "KOVOSLUŽBA Praha", "date": "2019-01-21T10:15:20", "comment": null},
{"reviewer_title": null, "puchased_at": "elektroobchudek.cz", "date": "2019-01-20T19:41:21", "comment": null},
{"reviewer_title": null, "puchased_at": "Spořílek.CZ", "date": "2019-01-15T19:20:36", "comment": null},
{"reviewer_title": null, "puchased_at": null, "date": "2019-01-15T14:54:04", "comment": null},
{"reviewer_title": null, "puchased_at": "Apollo Obr", "date": "2019-01-12T10:54:30", "comment": null},
{"reviewer_title": null, "puchased_at": "ONLINESHOP.cz", "date": "2019-01-08T18:43:24", "comment": "Dobrý den, velice nás těší Vaše spokojenost s produktem. Děkujeme za Vaši recenzi a přejeme hezký zbytek dne. S pozdravemONLINESHOP.cz"},
{"reviewer_title": null, "puchased_at": "Spořílek.CZ", "date": "2019-01-08T08:57:57", "comment": null},
{"reviewer_title": null, "puchased_at": "ONLINESHOP.cz", "date": "2019-01-08T08:53:05", "comment": "Dobrý den, velice nás těší Vaše spokojenost s produktem. Děkujeme za Vaši recenzi a přejeme hezký zbytek dne. S pozdravemONLINESHOP.cz"},
{"reviewer_title": null, "puchased_at": "ONLINESHOP.cz", "date": "2019-01-07T12:34:29", "comment": "Dobrý den, velice nás těší Vaše spokojenost s produktem. Děkujeme za Vaši recenzi a přejeme hezký zbytek dne. S pozdravemONLINESHOP.cz"},
{"reviewer_title": null, "puchased_at": "MALL.CZ", "date": "2018-12-27T08:26:09", "comment": null},
{"reviewer_title": null, "puchased_at": "OKAY.cz", "date": "2018-12-19T22:11:07", "comment": null},
{"reviewer_title": null, "puchased_at": "Spořílek.CZ", "date": "2018-12-09T04:05:19", "comment": null},
{"reviewer_title": null, "puchased_at": null, "date": "2018-12-04T15:22:06", "comment": null},
{"reviewer_title": null, "puchased_at": "Electro World", "date": "2018-12-02T13:06:45", "comment": null},
{"reviewer_title": null, "puchased_at": "DNO elektro", "date": "2018-12-01T07:55:20", "comment": null},
{"reviewer_title": null, "puchased_at": null, "date": "2018-11-12T09:48:00", "comment": null},
{"reviewer_title": null, "puchased_at": "ONLINESHOP.cz", "date": "2018-10-28T23:25:50", "comment": "Dobrý den, \nděkujeme za Vaši recenzi produktu a přejeme hezký den.\nS pozdravem\nONLINESHOP.cz"},
{"reviewer_title": "Vladik Polák", "puchased_at": null, "date": "2018-10-27T08:54:18", "comment": null},
{"reviewer_title": null, "puchased_at": null, "date": "2018-10-26T19:20:33", "comment": null},
{"reviewer_title": null, "puchased_at": null, "date": "2018-10-24T12:50:22", "comment": null},
{"reviewer_title": null, "puchased_at": null, "date": "2018-10-22T14:50:01", "comment": null},
{"reviewer_title": null, "puchased_at": null, "date": "2018-10-21T21:35:01", "comment": null},
{"reviewer_title": null, "puchased_at": null, "date": "2018-10-19T08:48:03", "comment": null},
{"reviewer_title": null, "puchased_at": null, "date": "2018-10-18T13:13:45", "comment": null},
{"reviewer_title": null, "puchased_at": null, "date": "2018-10-18T11:22:22", "comment": null},
{"reviewer_title": null, "puchased_at": "Apollo Obr", "date": "2018-10-17T22:16:56", "comment": null},
{"reviewer_title": null, "puchased_at": null, "date": "2018-10-17T20:45:18", "comment": null},
{"reviewer_title": null, "puchased_at": null, "date": "2018-10-17T15:34:04", "comment": null},
{"reviewer_title": null, "puchased_at": null, "date": "2018-10-16T21:13:12", "comment": null},
{"reviewer_title": null, "puchased_at": null, "date": "2018-10-16T20:47:27", "comment": null},
{"reviewer_title": null, "puchased_at": null, "date": "2018-10-16T20:18:55", "comment": null},
{"reviewer_title": null, "puchased_at": null, "date": "2018-10-16T19:12:25", "comment": null},
{"reviewer_title": null, "puchased_at": null, "date": "2018-10-16T19:11:13", "comment": null},
{"reviewer_title": null, "puchased_at": null, "date": "2018-10-16T19:03:46", "comment": null},
{"reviewer_title": null, "puchased_at": null, "date": "2018-10-16T19:00:38", "comment": null},
{"reviewer_title": null, "puchased_at": null, "date": "2018-10-16T18:00:46", "comment": null},
{"reviewer_title": null, "puchased_at": null, "date": "2018-10-16T17:16:19", "comment": null},
{"reviewer_title": null, "puchased_at": null, "date": "2018-10-16T17:02:09", "comment": null},
{"reviewer_title": null, "puchased_at": null, "date": "2018-10-16T15:47:48", "comment": null},
{"reviewer_title": null, "puchased_at": null, "date": "2018-10-16T15:30:15", "comment": null},
{"reviewer_title": null, "puchased_at": null, "date": "2018-10-16T15:29:17", "comment": null},
{"reviewer_title": null, "puchased_at": null, "date": "2018-10-16T14:49:30", "comment": null},
{"reviewer_title": null, "puchased_at": null, "date": "2018-10-16T14:47:41", "comment": null},
{"reviewer_title": null, "puchased_at": null, "date": "2018-10-16T14:27:49", "comment": null},
{"reviewer_title": null, "puchased_at": null, "date": "2018-10-16T14:14:59", "comment": null},
{"reviewer_title": "Aleš Kocourek", "puchased_at": null, "date": "2018-10-16T14:14:46", "comment": null},
{"reviewer_title": null, "puchased_at": null, "date": "2018-10-16T14:08:48", "comment": null},
{"reviewer_title": null, "puchased_at": "ElektroInternet.cz", "date": "2018-10-15T21:43:21", "comment": null},
{"reviewer_title": null, "puchased_at": "elektro Urbánek", "date": "2018-09-17T12:27:55", "comment": null},
{"reviewer_title": null, "puchased_at": "Elektrocentrum.info", "date": "2018-07-30T20:26:40", "comment": null},
{"reviewer_title": null, "puchased_at": "ElektroInternet.cz", "date": "2018-06-22T21:52:11", "comment": null},
{"reviewer_title": null, "puchased_at": "ElektroInternet.cz", "date": "2018-06-15T07:56:03", "comment": null},
{"reviewer_title": null, "puchased_at": "MNOHO", "date": "2018-06-04T10:22:22", "comment": null},
{"reviewer_title": "", "puchased_at": null, "date": "2018-05-28T20:53:07", "comment": null},
{"reviewer_title": null, "puchased_at": "elektro Urbánek", "date": "2018-05-23T12:42:37", "comment": null},
{"reviewer_title": null, "puchased_at": null, "date": "2018-05-08T21:10:03", "comment": null},
{"reviewer_title": null, "puchased_at": "ELESHOP", "date": "2018-05-02T06:00:48", "comment": null},
{"reviewer_title": null, "puchased_at": "elektro Urbánek", "date": "2018-04-09T14:37:20", "comment": null},
{"reviewer_title": null, "puchased_at": "Spořílek.CZ", "date": "2018-04-05T12:59:51", "comment": null},
{"reviewer_title": null, "puchased_at": "elektroobchudek.cz", "date": "2018-03-16T18:22:46", "comment": null},
{"reviewer_title": null, "puchased_at": "elektro Urbánek", "date": "2018-03-08T12:10:58", "comment": null},
{"reviewer_title": "Petr Zeman", "puchased_at": null, "date": "2018-03-07T22:09:17", "comment": null},
{"reviewer_title": null, "puchased_at": "DNO elektro", "date": "2018-03-02T17:47:52", "comment": null},
{"reviewer_title": "", "puchased_at": "Spořílek.CZ", "date": "2018-02-28T15:01:04", "comment": null},
{"reviewer_title": "Занета Счастливый", "puchased_at": null, "date": "2018-02-26T16:21:11", "comment": null},
{"reviewer_title": null, "puchased_at": "Spořílek.CZ", "date": "2018-02-20T10:08:54", "comment": null},
{"reviewer_title": null, "puchased_at": "Spořílek.CZ", "date": "2018-02-18T15:03:12", "comment": null},
{"reviewer_title": null, "puchased_at": "Elektro Vaďura", "date": "2018-02-01T14:06:39", "comment": null},
{"reviewer_title": null, "puchased_at": "ONLINESHOP.cz", "date": "2018-01-29T07:54:06", "comment": "Dobrý den, doufáme, že s sušičkou zůstane vše v pořádku i nadále.Děkujeme za Vaši recenzi a přejeme hezký zbytek dne.S pozdravemONLINESHOP.cz"},
{"reviewer_title": null, "puchased_at": "KupToTu.cz", "date": "2018-01-21T22:08:55", "comment": null},
{"reviewer_title": null, "puchased_at": "MALL.CZ", "date": "2018-01-21T09:56:48", "comment": null},
{"reviewer_title": null, "puchased_at": "DNO elektro", "date": "2018-01-14T10:32:07", "comment": null},
{"reviewer_title": null, "puchased_at": "Obchody24.cz", "date": "2018-01-14T09:10:54", "comment": null},
{"reviewer_title": null, "puchased_at": null, "date": "2018-01-12T00:34:17", "comment": null},
{"reviewer_title": null, "puchased_at": "ONLINESHOP.cz", "date": "2018-01-06T11:46:39", "comment": "Dobrý den, velice nás těší Vaše spokojenost s produktem. \nDěkujeme za Vaši recenzi a přejeme hezký zbytek dne. \nS pozdravem\nONLINESHOP.cz\nhttps://www.onlineshop.cz/"},
{"reviewer_title": null, "puchased_at": "SlevyElektro.cz", "date": "2018-01-05T11:19:49", "comment": null},
{"reviewer_title": "", "puchased_at": null, "date": "2018-01-04T20:13:52", "comment": null},
{"reviewer_title": null, "puchased_at": "MALL.CZ", "date": "2018-01-02T09:20:54", "comment": null},
{"reviewer_title": null, "puchased_at": "DNO elektro", "date": "2017-12-27T08:28:59", "comment": null},
{"reviewer_title": null, "puchased_at": "DNO elektro", "date": "2017-12-21T14:39:33", "comment": null},
{"reviewer_title": null, "puchased_at": "elektro Urbánek", "date": "2017-12-14T14:03:57", "comment": null},
{"reviewer_title": null, "puchased_at": "DNO elektro", "date": "2017-12-13T21:21:01", "comment": null},
{"reviewer_title": null, "puchased_at": "KupToTu.cz", "date": "2017-12-11T11:45:46", "comment": null},
{"reviewer_title": null, "puchased_at": "DNO elektro", "date": "2017-12-05T19:26:18", "comment": null},
{"reviewer_title": null, "puchased_at": "KupToTu.cz", "date": "2017-12-01T10:52:36", "comment": null},
{"reviewer_title": null, "puchased_at": "e-elektra", "date": "2017-11-30T15:02:30", "comment": null},
{"reviewer_title": null, "puchased_at": "e-elektra", "date": "2017-11-29T10:20:40", "comment": null},
{"reviewer_title": null, "puchased_at": "MALL.CZ", "date": "2017-11-29T09:53:10", "comment": null},
{"reviewer_title": null, "puchased_at": null, "date": "2017-11-25T17:10:42", "comment": null},
{"reviewer_title": null, "puchased_at": "elektropecka", "date": "2017-11-24T23:49:31", "comment": null},
{"reviewer_title": null, "puchased_at": "ELEKTROCB.CZ", "date": "2017-11-23T12:10:20", "comment": null},
{"reviewer_title": null, "puchased_at": "SlevyElektro.cz", "date": "2017-11-13T23:14:51", "comment": null},
{"reviewer_title": null, "puchased_at": "ONLINESHOP.cz", "date": "2017-11-04T18:16:23", "comment": "Dobrý den, děkujeme za Vaši recenzi produktu, jsme rádi, že je spokojenost jak s výrobkem, tak s našimi službami. Těšíme se na Vaše další nákupy.\nS pozdravem\nONLINESHOP.cz\nhttps://www.onlineshop.cz"},
{"reviewer_title": null, "puchased_at": "elektroobchudek.cz", "date": "2017-11-03T12:33:12", "comment": null},
{"reviewer_title": null, "puchased_at": "ExaSoft.cz", "date": "2017-10-31T17:17:15", "comment": null},
{"reviewer_title": null, "puchased_at": "OKAY.cz", "date": "2017-10-31T16:20:10", "comment": null},
{"reviewer_title": null, "puchased_at": "KupToTu.cz", "date": "2017-10-30T11:23:35", "comment": null},
{"reviewer_title": null, "puchased_at": "elektropecka", "date": "2017-10-22T07:34:16", "comment": null},
{"reviewer_title": null, "puchased_at": "ElektroInternet.cz", "date": "2017-08-24T14:16:52", "comment": null},
{"reviewer_title": null, "puchased_at": "KupToTu.cz", "date": "2017-08-12T17:56:48", "comment": null},
{"reviewer_title": null, "puchased_at": "SuperSpotrebice.cz", "date": "2017-08-05T00:07:19", "comment": null},
{"reviewer_title": null, "puchased_at": "ONLINESHOP.cz", "date": "2017-06-06T15:01:51", "comment": "Dobrý den, děkujeme za Vaši recenzi produktu, jsme rádi, že je spokojenost jak s výrobkem, tak s našimi službami. Těšíme se na Vaše další nákupy.\nS pozdravem\nONLINESHOP.cz\nhttps://www.onlineshop.cz"},
{"reviewer_title": null, "puchased_at": null, "date": "2017-02-05T13:06:02", "comment": null},
{"reviewer_title": null, "puchased_at": "DNO elektro", "date": "2016-12-19T14:07:52", "comment": null},
{"reviewer_title": null, "puchased_at": null, "date": "2016-12-14T15:09:51", "comment": null},
{"reviewer_title": null, "puchased_at": "Obchody24.cz", "date": "2016-12-05T06:59:23", "comment": null},
{"reviewer_title": null, "puchased_at": "EURONICS", "date": "2016-11-30T06:58:38", "comment": null},
{"reviewer_title": null, "puchased_at": null, "date": "2016-11-25T20:55:58", "comment": null},
{"reviewer_title": null, "puchased_at": null, "date": "2016-11-25T09:48:47", "comment": null},
{"reviewer_title": null, "puchased_at": null, "date": "2016-11-23T20:15:03", "comment": null},
{"reviewer_title": null, "puchased_at": null, "date": "2016-11-22T19:23:01", "comment": null},
{"reviewer_title": null, "puchased_at": null, "date": "2016-11-18T19:40:14", "comment": null},
{"reviewer_title": null, "puchased_at": "EURONICS", "date": "2016-11-09T12:14:00", "comment": null},
{"reviewer_title": null, "puchased_at": "EURONICS", "date": "2016-11-08T11:15:33", "comment": null}
]